Source,Target
Animal,10th edition of Systema Naturae
10th edition of Systema Naturae,12th edition of Systema Naturae
10th edition of Systema Naturae,7412 Linnaeus
10th edition of Systema Naturae,Abalone
10th edition of Systema Naturae,Adam Afzelius
10th edition of Systema Naturae,Adelgidae
10th edition of Systema Naturae,Adiantum aethiopicum
10th edition of Systema Naturae,Agriculture
10th edition of Systema Naturae,Aimé Bonpland
10th edition of Systema Naturae,Albatross
10th edition of Systema Naturae,Alexander Braun
10th edition of Systema Naturae,Alexander Roslin
10th edition of Systema Naturae,Alexander von Humboldt
10th edition of Systema Naturae,Algae
10th edition of Systema Naturae,Allionia
10th edition of Systema Naturae,Allionia incarnata
10th edition of Systema Naturae,Alps
10th edition of Systema Naturae,Alternation of generations
10th edition of Systema Naturae,Alyssum alyssoides
10th edition of Systema Naturae,Amaranthus albus
10th edition of Systema Naturae,Amaranthus cruentus
10th edition of Systema Naturae,Amaranthus gangeticus
10th edition of Systema Naturae,Amphibia in the 10th edition of Systema Naturae
10th edition of Systema Naturae,Amphibian
10th edition of Systema Naturae,Amphisbaenia
10th edition of Systema Naturae,Amyris elemifera
10th edition of Systema Naturae,An Integrated System of Classification of Flowering Plants
10th edition of Systema Naturae,Anacamptis papilionacea
10th edition of Systema Naturae,Anacamptis sancta
10th edition of Systema Naturae,Anatome Plantarum
10th edition of Systema Naturae,Anatomy of Plants
10th edition of Systema Naturae,Anders Sparrman
10th edition of Systema Naturae,Andrea Cesalpino
10th edition of Systema Naturae,Andreas Berlin
10th edition of Systema Naturae,Andreas Franz Wilhelm Schimper
10th edition of Systema Naturae,Anglerfish
10th edition of Systema Naturae,Anguis
10th edition of Systema Naturae,Ani (bird)
10th edition of Systema Naturae,Animal
10th edition of Systema Naturae,Animalia Paradoxa
10th edition of Systema Naturae,Anomiidae
10th edition of Systema Naturae,Ant
10th edition of Systema Naturae,Anteater
10th edition of Systema Naturae,Antelope
10th edition of Systema Naturae,Ape
10th edition of Systema Naturae,Aphid
10th edition of Systema Naturae,Apocynum androsaemifolium
10th edition of Systema Naturae,Apostles of Linnaeus
10th edition of Systema Naturae,Aptera in the 10th edition of Systema Naturae
10th edition of Systema Naturae,Arachnid
10th edition of Systema Naturae,Arbutus andrachne
Animal,24-Isopropylcholestane
24-Isopropylcholestane,Algae
24-Isopropylcholestane,Animal
24-Isopropylcholestane,Bacteria
24-Isopropylcholestane,Banded iron formation
24-Isopropylcholestane,Bibcode (identifier)
24-Isopropylcholestane,Bioclast
24-Isopropylcholestane,Biogeochemical cycles
24-Isopropylcholestane,Biomarker
24-Isopropylcholestane,Biosphere
24-Isopropylcholestane,Biosynthesis
24-Isopropylcholestane,Cambrian
24-Isopropylcholestane,Cambrian explosion
24-Isopropylcholestane,Canfield ocean
24-Isopropylcholestane,Chemical formula
24-Isopropylcholestane,Cholestane
24-Isopropylcholestane,Demosponge
24-Isopropylcholestane,Demospongiae
24-Isopropylcholestane,Depositional environment
24-Isopropylcholestane,Diagenesis
24-Isopropylcholestane,Doi (identifier)
24-Isopropylcholestane,Euxinic
24-Isopropylcholestane,Evolution
24-Isopropylcholestane,Evolutionary biology
24-Isopropylcholestane,Extinction
24-Isopropylcholestane,Fossil
24-Isopropylcholestane,Fungi
24-Isopropylcholestane,Gale (publisher)
24-Isopropylcholestane,Geologic time scale
24-Isopropylcholestane,Great Oxygenation Event
24-Isopropylcholestane,Hopane
24-Isopropylcholestane,ISBN (identifier)
24-Isopropylcholestane,Isopropyl
24-Isopropylcholestane,JSTOR (identifier)
24-Isopropylcholestane,Molecular mass
24-Isopropylcholestane,Molecule
24-Isopropylcholestane,Multicellular organism
24-Isopropylcholestane,Neoproterozoic
24-Isopropylcholestane,Oman
24-Isopropylcholestane,Organic compound
24-Isopropylcholestane,PMC (identifier)
24-Isopropylcholestane,PMID (identifier)
24-Isopropylcholestane,Packstone
24-Isopropylcholestane,Paleozoic
24-Isopropylcholestane,Pelagophyceae
24-Isopropylcholestane,Petroleum
24-Isopropylcholestane,Phanerozoic
24-Isopropylcholestane,Photography
24-Isopropylcholestane,Phylum
24-Isopropylcholestane,Precambrian
24-Isopropylcholestane,ProQuest
Animal,Abditibacteriota
Abditibacteriota,Abditibacteria
Abditibacteriota,Abditibacterium utsteinense
Abditibacteriota,Abyssobacterota
Abditibacteriota,Acidimicrobiia
Abditibacteriota,Acidobacteriia
Abditibacteriota,Acidobacteriota
Abditibacteriota,Acidulidesulfobacteriota
Abditibacteriota,Actinomycetes
Abditibacteriota,Actinomycetota
Abditibacteriota,Aerobic organism
Abditibacteriota,Aerophobota
Abditibacteriota,Amorphea
Abditibacteriota,Aquificota
Abditibacteriota,Armatimonadota
Abditibacteriota,Atribacterota
Abditibacteriota,Auribacterota
Abditibacteriota,Babelota
Abditibacteriota,Bacillati
Abditibacteriota,Bacilli
Abditibacteriota,Bacillota
Abditibacteriota,Bacteria
Abditibacteriota,Bacterial phyla
Abditibacteriota,Bacteriovoracia
Abditibacteriota,Bacteroidia
Abditibacteriota,Bacteroidota
Abditibacteriota,Bdellovibrionia
Abditibacteriota,Bdellovibrionota
Abditibacteriota,Binatota
Abditibacteriota,Bipolaricaulota
Abditibacteriota,Blastocatellia
Abditibacteriota,CPR group
Abditibacteriota,Caldisericota
Abditibacteriota,Calditrichota
Abditibacteriota,Calescibacteriota
Abditibacteriota,Campylobacterota
Abditibacteriota,Candidatus Acetithermum
Abditibacteriota,Canglongiota
Abditibacteriota,Carbon
Abditibacteriota,Caulobacteria
Abditibacteriota,Chemoheterotrophic
Abditibacteriota,Chitinivibrionia
Abditibacteriota,Chlamydiia
Abditibacteriota,Chlamydiota
Abditibacteriota,Chlorobiia
Abditibacteriota,Chloroflexia
Abditibacteriota,Chloroflexota
Abditibacteriota,Chrysiogenota
Abditibacteriota,Cloacimonadota
Abditibacteriota,Clostridia
Abditibacteriota,Coprothermobacteria
Animal,Abiogenesis
Abiogenesis,81P/Wild
Abiogenesis,ACS Central Science
Abiogenesis,ATP synthase
Abiogenesis,A Short History of Nearly Everything
Abiogenesis,Abiotic component
Abiogenesis,Abundance of the chemical elements
Abiogenesis,Academic Press
Abiogenesis,Acetaldehyde
Abiogenesis,Acetamide
Abiogenesis,Acetic acid
Abiogenesis,Acetone
Abiogenesis,Acetonitrile
Abiogenesis,Acetylene
Abiogenesis,Acid
Abiogenesis,Acrolein
Abiogenesis,Acrylonitrile
Abiogenesis,Active site
Abiogenesis,Adaptation
Abiogenesis,Adaptive radiation
Abiogenesis,Adenine
Abiogenesis,Adenosine triphosphate
Abiogenesis,Advances in Space Research
Abiogenesis,Aerobic organism
Abiogenesis,Aerobiology
Abiogenesis,Age of Earth
Abiogenesis,Age of the Earth
Abiogenesis,Age of the universe
Abiogenesis,Agronomy
Abiogenesis,Agrostology
Abiogenesis,Akilia
Abiogenesis,Alexander Butlerov
Abiogenesis,Alexander Oparin
Abiogenesis,Alexander Rich
Abiogenesis,Alexander Ross (writer)
Abiogenesis,Aliphatic compound
Abiogenesis,Allopatric speciation
Abiogenesis,Alternative abiogenesis scenarios
Abiogenesis,Alternatives to Darwinian evolution
Abiogenesis,Altruism (biology)
Abiogenesis,Aluminium(I) hydroxide
Abiogenesis,Aluminium(II) oxide
Abiogenesis,Aluminium isocyanide
Abiogenesis,Aluminium monochloride
Abiogenesis,Aluminium monofluoride
Abiogenesis,American Scientist
Abiogenesis,Ames Research Center
Abiogenesis,Amino acid
Abiogenesis,Amino radical
Abiogenesis,Aminoacetonitrile
Abiogenesis,Ammonia
Animal,Acanthocephala
Acanthocephala,Abditibacteriota
Acanthocephala,Acanthocephala (disambiguation)
Acanthocephala,Acanthocephaliasis
Acanthocephala,Acanthocephalus bufonis
Acanthocephala,Acanthor
Acanthocephala,Acetithermota
Acanthocephala,Acidobacteriota
Acanthocephala,Acorn worm
Acanthocephala,Actinomycetota
Acanthocephala,Aenigmatarchaeota
Acanthocephala,Aerophobota
Acanthocephala,Alimentary canal
Acanthocephala,Allen Press
Acanthocephala,Altarchaeota
Acanthocephala,Ambulacraria
Acanthocephala,American Society of Parasitologists
Acanthocephala,Amoeboid
Acanthocephala,Amoebozoa
Acanthocephala,Amorphea
Acanthocephala,Amphibian
Acanthocephala,Anaeramoeba
Acanthocephala,Animal
Acanthocephala,Annelid
Acanthocephala,Anterior
Acanthocephala,Anthozoa
Acanthocephala,Apicomplexa
Acanthocephala,Aquificota
Acanthocephala,Archaea
Acanthocephala,Archiacanthocephala
Acanthocephala,Armatimonadota
Acanthocephala,Arthropod
Acanthocephala,Ascomycota
Acanthocephala,Asgard archaea
Acanthocephala,Asterozoa
Acanthocephala,Atlantic salmon
Acanthocephala,Atribacterota
Acanthocephala,Augarchaeota
Acanthocephala,Auribacterota
Acanthocephala,Australian Faunal Directory
Acanthocephala,Babelota
Acanthocephala,Bacillota
Acanthocephala,Bacteria
Acanthocephala,Bacteroidota
Acanthocephala,Balneolales
Acanthocephala,Barcode of Life Data System
Acanthocephala,Basidiomycota
Acanthocephala,Bauru Group
Acanthocephala,Bdelloidea
Acanthocephala,Benthozoa
Acanthocephala,Bibcode (identifier)
Animal,Acetithermota
Acetithermota,Acetithermum
Animal,Acidobacteriota
Acidobacteriota,16S rRNA
Acidobacteriota,Abditibacteriota
Acidobacteriota,Abiogenic petroleum origin
Acidobacteriota,Abyssobacterota
Acidobacteriota,Acanthocephala
Acidobacteriota,Acanthopleuribacter pedis
Acidobacteriota,Acetithermota
Acidobacteriota,Acidimicrobiia
Acidobacteriota,Acidithiobacillales
Acidobacteriota,Acidobacteria
Acidobacteriota,Acidobacteriia
Acidobacteriota,Acidobacterium
Acidobacteriota,Acidobacterium capsulatum
Acidobacteriota,Acidophile
Acidobacteriota,Acidophiles in acid mine drainage
Acidobacteriota,Acidulidesulfobacteriota
Acidobacteriota,Actinomycetes
Acidobacteriota,Actinomycetota
Acidobacteriota,Aenigmatarchaeota
Acidobacteriota,Aerobes
Acidobacteriota,Aerophobota
Acidobacteriota,Alkaliphile
Acidobacteriota,Altarchaeota
Acidobacteriota,Alvinella pompejana
Acidobacteriota,Aminicenantes
Acidobacteriota,Aminicenantia
Acidobacteriota,Amoebozoa
Acidobacteriota,Amorphea
Acidobacteriota,Anaeramoeba
Acidobacteriota,Anaerobes
Acidobacteriota,Animal
Acidobacteriota,Annelid
Acidobacteriota,Apicomplexa
Acidobacteriota,Aquificota
Acidobacteriota,Archaea
Acidobacteriota,Archaeoglobaceae
Acidobacteriota,Armatimonadota
Acidobacteriota,Arthropod
Acidobacteriota,Ascomycota
Acidobacteriota,Asgard archaea
Acidobacteriota,Atribacterota
Acidobacteriota,Augarchaeota
Acidobacteriota,Auribacterota
Acidobacteriota,Babelota
Acidobacteriota,Bacillati
Acidobacteriota,Bacilli
Acidobacteriota,Bacillota
Acidobacteriota,Bacteria
Acidobacteriota,Bacteriovoracia
Acidobacteriota,Bacteroidia
Animal,Acinetactis
Acinetactis,A.C. Stokes
Acinetactis,Adolf Pascher
Acinetactis,AlgaeBase
Acinetactis,Cercomonas
Acinetactis,Cercozoa
Acinetactis,Cercozoan
Acinetactis,Doi (identifier)
Acinetactis,Encyclopedia of Life
Acinetactis,Eukaryote
Acinetactis,Glissomonadida
Acinetactis,Global Biodiversity Information Facility
Acinetactis,Granofilosea
Acinetactis,Heliomonad
Acinetactis,Interim Register of Marine and Nonmarine Genera
Acinetactis,Junior synonym
Acinetactis,Open Tree of Life
Acinetactis,PMC (identifier)
Acinetactis,PMID (identifier)
Acinetactis,Protist
Acinetactis,Rhizaria
Acinetactis,SAR supergroup
Acinetactis,Sarcomonadea
Acinetactis,Taxonomy (biology)
Acinetactis,Wikidata
Acinetactis,Wikispecies
Acinetactis,World Register of Marine Species
Acinetactis,Template:Taxonomy/Acinetactis
Acinetactis,Help:Taxon identifiers
Animal,Acorn worm
Acorn worm,Animal
Acorn worm,Animal Diversity Web
Acorn worm,Arthur Willey
Acorn worm,Asexual reproduction
Acorn worm,Australian Faunal Directory
Acorn worm,Balanoglossus gigas
Acorn worm,Barcode of Life Data System
Acorn worm,Bibcode (identifier)
Acorn worm,Bipinnaria
Acorn worm,Blastula
Acorn worm,Cambrian
Acorn worm,Cambrobranchus
Acorn worm,Carboniferous
Acorn worm,Carl Gegenbaur
Acorn worm,Catalogue of Life
Acorn worm,Cilium
Acorn worm,Cretaceous
Acorn worm,Deposit feeder
Acorn worm,Detritus feeders
Acorn worm,Deuterostome
Acorn worm,Devonian
Acorn worm,Dioecious
Acorn worm,Diverticulum
Acorn worm,Doi (identifier)
Acorn worm,Echinoderm
Acorn worm,Encyclopedia of Life
Acorn worm,Encyclopædia Britannica Eleventh Edition
Acorn worm,Enteropneusta
Acorn worm,External fertilization
Acorn worm,Fauna (animals)
Acorn worm,Food
Acorn worm,Fragmentation (reproduction)
Acorn worm,Gamete
Acorn worm,Global Biodiversity Information Facility
Acorn worm,Gonad
Acorn worm,Harrimaniidae
Acorn worm,Hdl (identifier)
Acorn worm,Heart
Acorn worm,Hemichordata
Acorn worm,Hemichordate
Acorn worm,Hemocoel
Acorn worm,Holocene
Acorn worm,Homology (biology)
Acorn worm,Hugh Chisholm
Acorn worm,INaturalist
Acorn worm,ISBN (identifier)
Acorn worm,ISSN (identifier)
Acorn worm,Integrated Taxonomic Information System
Acorn worm,Interim Register of Marine and Nonmarine Genera
Acorn worm,Intestine
Animal,Acritarch
Acritarch,Acanthodiacrodium
Acritarch,Acid
Acritarch,Acinetactis
Acritarch,Acrosphaeridium
Acritarch,Actinophryid
Acritarch,Actipillion
Acritarch,Akomachra
Acritarch,Alga
Acritarch,Algae
Acritarch,AlgaeBase
Acritarch,Algospongia
Acritarch,Alveolate
Acritarch,Ammonidium
Acritarch,Amoebozoa
Acritarch,Amorphea
Acritarch,Anaeramoeba
Acritarch,Anaeromonadea
Acritarch,Ancyromonadida
Acritarch,Ancyromonadidae
Acritarch,Animal
Acritarch,Antiarchi
Acritarch,Apicomplexa
Acritarch,Apusomonadidae
Acritarch,Aranidium
Acritarch,Arbusculidium
Acritarch,Archaeochaeta
Acritarch,Archaeodiscina
Acritarch,Archaeplastida
Acritarch,Archamoebea
Acritarch,Archean
Acritarch,Arcosphaeridium
Acritarch,Aremoricanium
Acritarch,Arkonia
Acritarch,Asteridium (acritarch)
Acritarch,Athabascaella
Acritarch,Atomic force microscopy
Acritarch,Axisphaeridium
Acritarch,Bacisphaeridium
Acritarch,Baltisphaeridium
Acritarch,Barthelona
Acritarch,Berkeleyaesol
Acritarch,Bibcode (identifier)
Acritarch,Bicellum
Acritarch,Bicosoecea
Acritarch,Bigyra
Acritarch,Biological classification
Acritarch,Breviatea
Acritarch,Buedingiisphaeridium
Acritarch,CAM (clade)
Acritarch,CRuMs
Animal,Actinomycetota
Actinomycetota,Abditibacteriota
Actinomycetota,Abyssobacterota
Actinomycetota,Acanthocephala
Actinomycetota,Acetithermota
Actinomycetota,Acidimicrobiia
Actinomycetota,Acidobacteriia
Actinomycetota,Acidobacteriota
Actinomycetota,Acidulidesulfobacteriota
Actinomycetota,Actinomyces
Actinomycetota,Actinomyces gerencseriae
Actinomycetota,Actinomyces israelii
Actinomycetota,Actinomycetaceae
Actinomycetota,Actinomycetales
Actinomycetota,Actinomycetes
Actinomycetota,Actinomycetia
Actinomycetota,Actinomycineae
Actinomycetota,Actinomycosis
Actinomycetota,Aenigmatarchaeota
Actinomycetota,Aerophobota
Actinomycetota,Altarchaeota
Actinomycetota,Aminoglycoside
Actinomycetota,Amoebozoa
Actinomycetota,Amorphea
Actinomycetota,Amycolatopsis nalaikhensis
Actinomycetota,Anaeramoeba
Actinomycetota,Animal
Actinomycetota,Annelid
Actinomycetota,Antarctic
Actinomycetota,Anthracycline
Actinomycetota,Antibiotic
Actinomycetota,Antibiotics
Actinomycetota,Antifungal
Actinomycetota,Antithrombotic
Actinomycetota,Antiviral drug
Actinomycetota,Apicomplexa
Actinomycetota,Aquarium granuloma
Actinomycetota,Aquatic animal
Actinomycetota,Aquicultoria
Actinomycetota,Aquificota
Actinomycetota,Arcanobacterium haemolyticum
Actinomycetota,Arcanobacterium haemolyticum infection
Actinomycetota,Archaea
Actinomycetota,Armatimonadota
Actinomycetota,Arthropod
Actinomycetota,Ascomycota
Actinomycetota,Asgard archaea
Actinomycetota,Atribacterota
Actinomycetota,Augarchaeota
Actinomycetota,Auribacterota
Actinomycetota,Babelota
Animal,Actinophryid
Actinophryid,Acinetactis
Actinophryid,Acritarch
Actinophryid,Actinophryidae
Actinophryid,Actinophryina
Actinophryid,Actinophrys
Actinophryid,Actinophrys pontica
Actinophryid,Actinophrys salsuginosa
Actinophryid,Actinophrys sol
Actinophryid,Actinophrys tauryanini
Actinophryid,Actinosphaeriidae
Actinophryid,Actinosphaerina
Actinophryid,Actinosphaerium
Actinophryid,Actinosphaerium akamae
Actinophryid,Actinosphaerium arachnoideum
Actinophryid,Actinosphaerium eichhornii
Actinophryid,Actinosphaerium nucleofilum
Actinophryid,Albuginales
Actinophryid,AlgaeBase
Actinophryid,Algospongia
Actinophryid,Alveolate
Actinophryid,Amoeba
Actinophryid,Amoebozoa
Actinophryid,Amorphea
Actinophryid,Amphifilida
Actinophryid,Amphitremida
Actinophryid,Anaeramoeba
Actinophryid,Anaeromonadea
Actinophryid,Ancyromonadida
Actinophryid,Ancyromonadidae
Actinophryid,Animal
Actinophryid,Anisolpidiales
Actinophryid,Anoecida
Actinophryid,Apicomplexa
Actinophryid,Apusomonadidae
Actinophryid,Arachnoidiscophytina
Actinophryid,Archaeochaeta
Actinophryid,Archaeplastida
Actinophryid,Archamoebea
Actinophryid,Ascoseirales
Actinophryid,Asterocladales
Actinophryid,Aurearena
Actinophryid,Aurearenophyceae
Actinophryid,Autogamy
Actinophryid,Bacillariophyceae
Actinophryid,Bacillariophytina
Actinophryid,Barthelona
Actinophryid,Berkeleyaesol
Actinophryid,Bicellum
Actinophryid,Bicoecida
Actinophryid,Bicosoecea
Animal,Adnaviria
Adnaviria,A-DNA
Adnaviria,Acidianus filamentous virus 1
Adnaviria,Alpha-helix
Adnaviria,Alphasatellitidae
Adnaviria,Ampullaviridae
Adnaviria,Anaerobic respiration
Adnaviria,Animal
Adnaviria,Archaea
Adnaviria,Archaeal virus
Adnaviria,Avsunviroidae
Adnaviria,B-DNA
Adnaviria,Bacteria
Adnaviria,Bartogtaviriformidae
Adnaviria,Bathyarchaeales
Adnaviria,Bicaudaviridae
Adnaviria,Bio-like structure
Adnaviria,Brachygtaviriformidae
Adnaviria,C-terminus
Adnaviria,CPK coloring
Adnaviria,CRISPR
Adnaviria,Cancer cell
Adnaviria,Capsid
Adnaviria,Capsid protein
Adnaviria,Cell envelope
Adnaviria,Cell membrane
Adnaviria,Clavaviridae
Adnaviria,Clonally transmissible cancer
Adnaviria,Cosmid
Adnaviria,Cryogenic electron microscopy
Adnaviria,Cytoplasm
Adnaviria,D-loop
Adnaviria,DNA polymerase
Adnaviria,Daniel Mazia
Adnaviria,Defective interfering particle
Adnaviria,Dinodnavirus
Adnaviria,Diversity-generating retroelement
Adnaviria,Doi (identifier)
Adnaviria,Duplodnaviria
Adnaviria,Electron micrograph
Adnaviria,Endogenous viral element
Adnaviria,Endonuclease
Adnaviria,Endosymbiont
Adnaviria,Episome
Adnaviria,Ether lipid
Adnaviria,Eukaryote
Adnaviria,Eurekaviridae
Adnaviria,Fosmid
Adnaviria,Francevillian biota
Adnaviria,Fungal prion
Adnaviria,Fungus
Animal,Adolf Seilacher
Adolf Seilacher,Air mattress
Adolf Seilacher,Bibcode (identifier)
Adolf Seilacher,Biological Constraints
Adolf Seilacher,Biostratinomy
Adolf Seilacher,Crafoord Prize
Adolf Seilacher,DSV Alvin
Adolf Seilacher,David Raup
Adolf Seilacher,Derek Briggs
Adolf Seilacher,Dickinsonia
Adolf Seilacher,Doctoral advisor
Adolf Seilacher,Doi (identifier)
Adolf Seilacher,Ediacaran
Adolf Seilacher,Ediacaran biota
Adolf Seilacher,Fossils
Adolf Seilacher,Gustav-Steinmann-Medaille
Adolf Seilacher,ISBN (identifier)
Adolf Seilacher,Ichnofacies
Adolf Seilacher,Jacques Lessertisseur
Adolf Seilacher,Lagerstätten
Adolf Seilacher,Lapworth Medal
Adolf Seilacher,Otto Heinrich Schindewolf
Adolf Seilacher,Otto Linck
Adolf Seilacher,PMID (identifier)
Adolf Seilacher,Palaeontological Association
Adolf Seilacher,Paleodictyon
Adolf Seilacher,Paleontological Society
Adolf Seilacher,Paleontological Society Medal
Adolf Seilacher,Pattern formation
Adolf Seilacher,Pneu structure
Adolf Seilacher,Raymond C. Moore Medal
Adolf Seilacher,Richard Lewontin
Adolf Seilacher,S2CID (identifier)
Adolf Seilacher,Schwäbisches Tagblatt
Adolf Seilacher,Sedimentation
Adolf Seilacher,Self-organisation
Adolf Seilacher,Spandrel (biology)
Adolf Seilacher,Stephen Jay Gould
Adolf Seilacher,Structuralism (biology)
Adolf Seilacher,Taphonomy
Adolf Seilacher,Trace fossil
Adolf Seilacher,Trace fossils
Adolf Seilacher,Tübingen
Adolf Seilacher,University of Tübingen
Adolf Seilacher,Volcanoes of the Deep Sea
Adolf Seilacher,Wayback Machine
Adolf Seilacher,Xenophyophores
Adolf Seilacher,Help:Authority control
Animal,Aenigmatarchaeota
Aenigmatarchaeota,Aenigmatarchaeum
Animal,Aerobic respiration
Aerobic respiration,Cellular respiration
Aerobic respiration,Template:R to anchor
Aerobic respiration,Help:Link
Aerobic respiration,Help:Section
Aerobic respiration,Category:Redirects to sections
Animal,Aerophobota
Aerophobota,Abyssobacterota
Aerophobota,Acetate
Aerophobota,Acidimicrobiia
Aerophobota,Acidobacteriia
Aerophobota,Acidobacteriota
Aerophobota,Acidulidesulfobacteriota
Aerophobota,Actinomycetes
Aerophobota,Actinomycetota
Aerophobota,Aerophobus
Aerophobota,Amorphea
Aerophobota,Anoxic waters
Aerophobota,Aquificota
Aerophobota,Armatimonadota
Aerophobota,Atribacterota
Aerophobota,Auribacterota
Aerophobota,Babelota
Aerophobota,Bacillati
Aerophobota,Bacilli
Aerophobota,Bacillota
Aerophobota,Bacteria
Aerophobota,Bacteriovoracia
Aerophobota,Bacteroidia
Aerophobota,Bacteroidota
Aerophobota,Bdellovibrionia
Aerophobota,Bdellovibrionota
Aerophobota,Bibcode (identifier)
Aerophobota,Binatota
Aerophobota,Bipolaricaulota
Aerophobota,Blastocatellia
Aerophobota,CPR group
Aerophobota,Caldisericota
Aerophobota,Calditrichota
Aerophobota,Calescibacteriota
Aerophobota,Campylobacterota
Aerophobota,Candidatus
Aerophobota,Candidatus Acetithermum
Aerophobota,Canglongiota
Aerophobota,Caulobacteria
Aerophobota,Chitinivibrionia
Aerophobota,Chlamydiia
Aerophobota,Chlamydiota
Aerophobota,Chlorobiia
Aerophobota,Chloroflexia
Aerophobota,Chloroflexota
Aerophobota,Chrysiogenota
Aerophobota,Cloacimonadota
Aerophobota,Clostridia
Aerophobota,Coprothermobacteria
Aerophobota,Coprothermobacterota
Aerophobota,Coriobacteriia
Animal,African bush elephant
African bush elephant,2006 Zakouma elephant slaughter
African bush elephant,Aberdare Mountains
African bush elephant,Addo Elephant Park
African bush elephant,African elephant
African bush elephant,African forest elephant
African bush elephant,Afrotheria
African bush elephant,Agence France-Press
African bush elephant,Agricultural land
African bush elephant,Allomothering
African bush elephant,Altruism
African bush elephant,Amboseli National Park
African bush elephant,American Society of Mammalogists
African bush elephant,American mastodon
African bush elephant,Angola
African bush elephant,Animal
African bush elephant,Animal communication
African bush elephant,Anthrax
African bush elephant,Apes
African bush elephant,Apis mellifera scutellata
African bush elephant,Asian elephant
African bush elephant,Atbara River
African bush elephant,Ballista elephant
African bush elephant,Barcode of Life Data System
African bush elephant,Bark (botany)
African bush elephant,Betaherpesvirinae
African bush elephant,Bibcode (identifier)
African bush elephant,Binomial nomenclature
African bush elephant,Black market
African bush elephant,Borneo elephant
African bush elephant,Botswana
African bush elephant,Bovid
African bush elephant,Browsing (herbivory)
African bush elephant,CITES
African bush elephant,CITES Appendix I
African bush elephant,CITES Appendix II
African bush elephant,CNN
African bush elephant,Cambrian
African bush elephant,Cape vulture
African bush elephant,Captive elephants
African bush elephant,Carboniferous
African bush elephant,Catalogue of Life
African bush elephant,Cederberg
African bush elephant,Cementum
African bush elephant,Central Africa
African bush elephant,Cetaceans
African bush elephant,Chad
African bush elephant,Chobe National Park
African bush elephant,Chordate
African bush elephant,Citrobacter freundii
African bush elephant,Civil war
Animal,Albrecht Dürer
Albrecht Dürer,'s-Hertogenbosch
Albrecht Dürer,1993 National Art Museum of Azerbaijan theft
Albrecht Dürer,20th Century Press Archives
Albrecht Dürer,A Mathematician's Apology
Albrecht Dürer,A Treatise on Painting
Albrecht Dürer,Aachen
Albrecht Dürer,Adam and Eve (Dürer)
Albrecht Dürer,Adoration of the Magi (Dürer)
Albrecht Dürer,Adoration of the Trinity
Albrecht Dürer,Agnes Dürer
Albrecht Dürer,Agnes Frey
Albrecht Dürer,Agostino Veneziano
Albrecht Dürer,Ajtós
Albrecht Dürer,Alba Rojo Cama
Albrecht Dürer,Albert of Mainz
Albrecht Dürer,Albertina
Albrecht Dürer,"Albertina, Vienna"
Albrecht Dürer,Albrecht Dürer's House
Albrecht Dürer,Albrecht Dürer the Elder
Albrecht Dürer,Algorithm
Albrecht Dürer,Algorithmic art
Albrecht Dürer,Alps
Albrecht Dürer,Altarpiece
Albrecht Dürer,Alte Pinakothek
Albrecht Dürer,Alte Pinakothek (Self-Portrait)
Albrecht Dürer,Anamorphosis
Albrecht Dürer,Anatomy
Albrecht Dürer,Andrea Mantegna
Albrecht Dürer,Andrea Palladio
Albrecht Dürer,Andreas Karlstadt
Albrecht Dürer,Andy Lomas
Albrecht Dürer,Anthony Hill (artist)
Albrecht Dürer,Antler
Albrecht Dürer,Antoine Pevsner
Albrecht Dürer,Anton Koberger
Albrecht Dürer,Antonio del Pollaiuolo
Albrecht Dürer,Antwerp
Albrecht Dürer,Apocalypse (Dürer)
Albrecht Dürer,Apollonius of Perga
Albrecht Dürer,Archimedean solid
Albrecht Dürer,Arnhem
Albrecht Dürer,Ars Mathematica (organization)
Albrecht Dürer,Art Institute of Chicago
Albrecht Dürer,Artistic inspiration
Albrecht Dürer,August Siegert
Albrecht Dürer,"Avarice (Dürer, Vienna)"
Albrecht Dürer,Bagnacavallo Madonna
Albrecht Dürer,Bamberg State Library
Albrecht Dürer,Basel
Albrecht Dürer,Bathsheba Grossman
Animal,Alexander Coosemans
Alexander Coosemans,Antwerp
Alexander Coosemans,Baroque
Alexander Coosemans,Ciborium (container)
Alexander Coosemans,Communion (Christian)
Alexander Coosemans,Cornucopia
Alexander Coosemans,Crustacean
Alexander Coosemans,Doria-Pamphili-Landi
Alexander Coosemans,Doria Pamphilj Gallery
Alexander Coosemans,Flemish people
Alexander Coosemans,Guild of St. Luke
Alexander Coosemans,Hendrik Schoock
Alexander Coosemans,Jan Brueghel the Elder
Alexander Coosemans,Jan Davidsz de Heem
Alexander Coosemans,Last Supper
Alexander Coosemans,Mass (Catholic Church)
Alexander Coosemans,Netherlands Institute for Art History
Alexander Coosemans,Painter
Alexander Coosemans,Pasquale Chiesa
Alexander Coosemans,Poorter
Alexander Coosemans,Pronkstilleven
Alexander Coosemans,Sacramental bread
Alexander Coosemans,Still life
Alexander Coosemans,Theodoor van Thulden
Alexander Coosemans,Vanitas
Alexander Coosemans,Wayback Machine
Alexander Coosemans,File:Alexander Coosemans - A sculpted bust in a in a niche surrounded with swags of fruit.jpg
Alexander Coosemans,File:Alexander Coosemans - Still Life with Fruit and a Parrot.jpg
Alexander Coosemans,File:Alexander Coosemans - Still life on a partly draped table.jpg
Alexander Coosemans,File:Theodoor van Thulden and Alexander Coosemans - Double Portrait of a girl and a girl as Cupid and Ceres next to a Stil life of fruits and flowers.jpg
Alexander Coosemans,Help:Authority control
Animal,Alga
Alga,Algae
Alga,Scissor
Alga,Scissors
Alga,Trouser
Alga,Trousers
Alga,Wikipedia:1
Alga,Wikipedia:Categorizing redirects
Alga,Wikipedia:Hatnote
Alga,Wikipedia:Mainspace
Alga,Wikipedia:Printability
Alga,Wikipedia:Protection policy
Alga,Wikipedia:Redirect
Alga,Wikipedia:SINGULAR
Alga,Wikipedia:Version 1.0 Editorial Team
Alga,Template:R from modification
Alga,Template:R to section
Alga,Template:R with possibilities
Alga,Category:Printworthy redirects
Alga,Category:Redirects from moves
Alga,Category:Redirects mentioned in hatnotes
Alga,Category:Redirects to plurals
Alga,Category:Wikipedia semi-protected redirects
Animal,Algivore
Algivore,Algae eater
Algivore,Phrase
Algivore,Terminology
Algivore,Wikipedia:1
Algivore,Wikipedia:Categorizing redirects
Algivore,Wikipedia:Printability
Algivore,Wikipedia:Protection policy
Algivore,Wikipedia:Redirect
Algivore,Wikipedia:Version 1.0 Editorial Team
Algivore,Template:R from alternative spelling
Algivore,Template:R from subtopic
Algivore,Template:R to related topic
Algivore,Category:Printworthy redirects
Algivore,Category:Redirects from related words
Animal,Algospongia
Algospongia,Acinetactis
Algospongia,Acritarch
Algospongia,Actinophryid
Algospongia,Aglaophyton
Algospongia,Alanyana
Algospongia,Algae
Algospongia,AlgaeBase
Algospongia,Alveolate
Algospongia,Amarellina
Algospongia,Amoebozoa
Algospongia,Amorphea
Algospongia,Anaeramoeba
Algospongia,Anaeromonadea
Algospongia,Ancyromonadida
Algospongia,Ancyromonadidae
Algospongia,Andreaeaceae
Algospongia,Andreaeobryum
Algospongia,Aneurophytopsida
Algospongia,Animal
Algospongia,Anthracoporellopsidae
Algospongia,Anthracoporellopsis
Algospongia,Aoujgalia
Algospongia,Aoujgaliales
Algospongia,Aoujgaliida
Algospongia,Aoujgaliidae
Algospongia,Aoujgaliina
Algospongia,Apicomplexa
Algospongia,Apusomonadidae
Algospongia,Archaeochaeta
Algospongia,Archaeopteridopsida
Algospongia,Archaeplastida
Algospongia,Archamoebea
Algospongia,Ardengostella
Algospongia,Asphaltina
Algospongia,Asphaltinella
Algospongia,Asphaltinidae
Algospongia,Asphaltinoides
Algospongia,Asteroaoujgalia
Algospongia,Bangiophyceae
Algospongia,Barinophyte
Algospongia,Barthelona
Algospongia,Basal angiosperms
Algospongia,Bennettitales
Algospongia,Beresella
Algospongia,Beresellidae
Algospongia,Beresellina
Algospongia,Berkeleyaesol
Algospongia,Bibcode (identifier)
Algospongia,Bicellum
Algospongia,Bicosoecea
Animal,Alphasatellitidae
Alphasatellitidae,Abedenavirae
Alphasatellitidae,Abyssoviridae
Alphasatellitidae,Ackermannviridae
Alphasatellitidae,Adenine
Alphasatellitidae,Adenoviridae
Alphasatellitidae,Adintoviridae
Alphasatellitidae,Adnaviria
Alphasatellitidae,Ageyesisatellite
Alphasatellitidae,Ainoaviricetes
Alphasatellitidae,Algavirales
Alphasatellitidae,Aliusviridae
Alphasatellitidae,Alloherpesviridae
Alphasatellitidae,Alphaflexiviridae
Alphasatellitidae,Alphatetraviridae
Alphasatellitidae,Alsuviricetes
Alphasatellitidae,Alvernaviridae
Alphasatellitidae,Amabiliviricetes
Alphasatellitidae,Amalgaviridae
Alphasatellitidae,Amarillovirales
Alphasatellitidae,Ambiviricota
Alphasatellitidae,Amino acid
Alphasatellitidae,Amnoonviridae
Alphasatellitidae,Ampullaviridae
Alphasatellitidae,Anelloviridae
Alphasatellitidae,Arenaviridae
Alphasatellitidae,Arfiviricetes
Alphasatellitidae,Arteriviridae
Alphasatellitidae,Articulavirales
Alphasatellitidae,Artoviridae
Alphasatellitidae,Artverviricota
Alphasatellitidae,Ascoviridae
Alphasatellitidae,Asfarviridae
Alphasatellitidae,Asfuvirales
Alphasatellitidae,Aspiviridae
Alphasatellitidae,Astroviridae
Alphasatellitidae,Atkinsviridae
Alphasatellitidae,Autographiviridae
Alphasatellitidae,Babusatellite
Alphasatellitidae,Bacilladnaviridae
Alphasatellitidae,Baculoviridae
Alphasatellitidae,Baltimore classification
Alphasatellitidae,Bamfordvirae
Alphasatellitidae,Baphyvirales
Alphasatellitidae,Barnaviridae
Alphasatellitidae,Begomovirus
Alphasatellitidae,Belfryvirales
Alphasatellitidae,Belpaoviridae
Alphasatellitidae,Benyviridae
Alphasatellitidae,Betaflexiviridae
Alphasatellitidae,Bicaudaviridae
Animal,Altarchaeota
Altarchaeota,Altarchaeum
Animal,Alveolate
Alveolate,Acavomonadea
Alveolate,Acavomonadida
Alveolate,Acavomonas
Alveolate,Acavomonidia
Alveolate,Acinetactis
Alveolate,Aconoidasida
Alveolate,Acritarch
Alveolate,Acrocoelida
Alveolate,Acrocoelidae
Alveolate,Acrocoelus
Alveolate,Actinocephalidae
Alveolate,Actinophryid
Alveolate,Acutidae
Alveolate,Adeleidae
Alveolate,Adeleorina
Alveolate,Agamococcidiorida
Alveolate,Aggregata
Alveolate,Aggregatidae
Alveolate,Aikinetocystidae
Alveolate,Alga
Alveolate,Algaemia
Alveolate,Algospongia
Alveolate,Algovora
Alveolate,Algovorida
Alveolate,Algovoridae
Alveolate,Allantocystidae
Alveolate,Alphamonadidae
Alveolate,Alphamonas
Alveolate,Alveolata
Alveolate,Amoebophrya
Alveolate,Amoebophryaceae
Alveolate,Amoebozoa
Alveolate,Amorphea
Alveolate,Amphidinium
Alveolate,Amphiplatysporidae
Alveolate,Anaeramoeba
Alveolate,Anaeromonadea
Alveolate,Ancyromonadida
Alveolate,Ancyromonadidae
Alveolate,Angeiocystidae
Alveolate,Angeiocystis
Alveolate,Animal
Alveolate,Apicomonada
Alveolate,Apicomonadea
Alveolate,Apicomplexa
Alveolate,Apicomplexans
Alveolate,Apicystis
Alveolate,Apusomonadidae
Alveolate,Archaeochaeta
Alveolate,Archaeplastida
Animal,Ambulacraria
Ambulacraria,Acanthocephala
Ambulacraria,Acorn worm
Ambulacraria,Amorphea
Ambulacraria,Anatomy
Ambulacraria,Animal
Ambulacraria,Annelid
Ambulacraria,Anthozoa
Ambulacraria,Arthropod
Ambulacraria,Asterozoa
Ambulacraria,Benthozoa
Ambulacraria,Bibcode (identifier)
Ambulacraria,Bilateria
Ambulacraria,Bivalvia
Ambulacraria,Blastula
Ambulacraria,Brachiopod
Ambulacraria,Brachiozoa
Ambulacraria,Brittle star
Ambulacraria,Bryozoa
Ambulacraria,Calcareous sponge
Ambulacraria,Cambrian
Ambulacraria,Cambroernida
Ambulacraria,Carboniferous
Ambulacraria,Centroneuralia
Ambulacraria,Cephalochordate
Ambulacraria,Cephalopod
Ambulacraria,Cestoda
Ambulacraria,Chaetognatha
Ambulacraria,Chelicerata
Ambulacraria,Chiton
Ambulacraria,Chordata
Ambulacraria,Chordate
Ambulacraria,Chordates
Ambulacraria,Chromadorea
Ambulacraria,Clitellata
Ambulacraria,Cnidaria
Ambulacraria,Cretaceous
Ambulacraria,Crinozoa
Ambulacraria,Crown group
Ambulacraria,Crustacean
Ambulacraria,Ctenophora
Ambulacraria,Demosponge
Ambulacraria,Deuterostome
Ambulacraria,Devonian
Ambulacraria,Diaphoretickes
Ambulacraria,Dicyemida
Ambulacraria,Dipleurula
Ambulacraria,Doi (identifier)
Ambulacraria,Domain (biology)
Ambulacraria,Dubious species
Ambulacraria,Ecdysozoa
Animal,Amino acid
Amino acid,1-Pyrroline-5-carboxylate dehydrogenase
Amino acid,1-aminocyclopropane-1-carboxylic acid
Amino acid,2-Aminothiazoline-4-carboxylic acid
Amino acid,2-aminoisobutyric acid
Amino acid,3-Hydroxybutyryl-CoA dehydrogenase
Amino acid,3-Methoxytyramine
Amino acid,3-hydroxy-2-methylbutyryl-CoA dehydrogenase
Amino acid,3-hydroxy-3-methylglutaryl-CoA lyase
Amino acid,3-hydroxyanthranilate oxidase
Amino acid,3-hydroxyisobutyrate dehydrogenase
Amino acid,3-hydroxyisobutyryl-CoA hydrolase
Amino acid,4-Hydroxyphenylpyruvate dioxygenase
Amino acid,5-HTP
Amino acid,ADP-ribosylation
Amino acid,Abiogenesis
Amino acid,Acetyl-CoA
Amino acid,Acetylation
Amino acid,Acid–base homeostasis
Amino acid,Acylation
Amino acid,Adenosine triphosphate
Amino acid,Adenosylhomocysteinase
Amino acid,Adenylylation
Amino acid,Adrenaline
Amino acid,African trypanosomiasis
Amino acid,Agmatinase
Amino acid,Agostic interaction
Amino acid,Alamethicin
Amino acid,Alanine
Amino acid,Alanine transaminase
Amino acid,"Aldehyde dehydrogenase 4 family, member A1"
Amino acid,Aliphatic
Amino acid,Aliphatic compound
Amino acid,Alloprotein
Amino acid,Allysine
Amino acid,Alpha-Ketoglutaric acid
Amino acid,Alpha-ketoglutarate
Amino acid,Alpha and beta carbon
Amino acid,Alpha carbon
Amino acid,American Chemical Society
Amino acid,Amide
Amino acid,Amino
Amino acid,Amino acid dating
Amino acid,Amino acid neurotransmitter
Amino acid,Amino acid synthesis
Amino acid,Amino acids
Amino acid,Aminoacyl tRNA synthetase
Amino acid,Aminocarboxymuconate-semialdehyde decarboxylase
Amino acid,Aminomuconate-semialdehyde dehydrogenase
Amino acid,Ammonia
Amino acid,Amphipathic
Animal,Amoebozoa
Amoebozoa,Abditibacteriota
Amoebozoa,Abdominal pain
Amoebozoa,Acanthamoeba
Amoebozoa,Acanthamoeba infection
Amoebozoa,Acanthamoeba keratitis
Amoebozoa,Acanthamoebidae
Amoebozoa,Acanthocephala
Amoebozoa,Acanthopodida
Amoebozoa,Acetithermota
Amoebozoa,Acidobacteriota
Amoebozoa,Acinetactis
Amoebozoa,Acipyxis
Amoebozoa,Acramoebidae
Amoebozoa,Acritarch
Amoebozoa,Actinomycetota
Amoebozoa,Actinophryid
Amoebozoa,Acytosteliaceae
Amoebozoa,Acytosteliales
Amoebozoa,Adenosine triphosphate
Amoebozoa,Aenigmatarchaeota
Amoebozoa,Aerophobota
Amoebozoa,Algospongia
Amoebozoa,Altarchaeota
Amoebozoa,Alveolate
Amoebozoa,Amoeba
Amoebozoa,Amoeba (genus)
Amoebozoa,Amoeba proteus
Amoebozoa,Amoebiasis
Amoebozoa,Amoebic brain abscess
Amoebozoa,Amoebic colitis
Amoebozoa,Amoebic dysentery
Amoebozoa,Amoebic liver abscess
Amoebozoa,Amoebic liver abscesses
Amoebozoa,Amoebidae
Amoebozoa,Amorphea
Amoebozoa,Anaeramoeba
Amoebozoa,Anaeromonadea
Amoebozoa,Ancyromonadida
Amoebozoa,Ancyromonadidae
Amoebozoa,Anemia
Amoebozoa,Angulamoeba
Amoebozoa,Animal
Amoebozoa,Animals
Amoebozoa,Annelid
Amoebozoa,Apicomplexa
Amoebozoa,Apicomplexan life cycle
Amoebozoa,Apolimia
Amoebozoa,Apusomonadida
Amoebozoa,Apusomonadidae
Amoebozoa,Aquificota
Animal,Amorphea
Amorphea,Acinetactis
Amorphea,Acritarch
Amorphea,Actinophryid
Amorphea,Algospongia
Amorphea,Alveolate
Amorphea,Amoebozoa
Amorphea,Amorpha
Amorphea,Amorphae
Amorphea,Amorpheae
Amorphea,Anaeramoeba
Amorphea,Anaeromonadea
Amorphea,Ancyromonadida
Amorphea,Ancyromonadidae
Amorphea,Animal
Amorphea,Apicomplexa
Amorphea,Apusomonad
Amorphea,Apusomonadida
Amorphea,Apusomonadidae
Amorphea,Apusozoa
Amorphea,Archaeochaeta
Amorphea,Archaeplastida
Amorphea,Archamoebae
Amorphea,Archamoebea
Amorphea,Archean
Amorphea,Asgard archaea
Amorphea,Aspartate carbamoyltransferase
Amorphea,Barthelona
Amorphea,Basal body
Amorphea,Berkeleyaesol
Amorphea,Bibcode (identifier)
Amorphea,Bicellum
Amorphea,Bicosoecea
Amorphea,Bigyra
Amorphea,Bikont
Amorphea,Bikonts
Amorphea,BioRxiv (identifier)
Amorphea,Breviata
Amorphea,Breviatea
Amorphea,CAM (clade)
Amorphea,CRuMs
Amorphea,Caelestes
Amorphea,Carbamoyl phosphate synthase
Amorphea,Centrioles
Amorphea,Centrohelid
Amorphea,Cephalonyx
Amorphea,Cercozoa
Amorphea,Changchengia
Amorphea,Charophyceae
Amorphea,Cheleutochroa
Amorphea,Chitinozoan
Animal,Amphibia
Amphibia,Amphibian
Amphibia,Biological nomenclature
Amphibia,Common name
Amphibia,Wikipedia:Categorizing redirects
Amphibia,Wikipedia:Hatnote
Amphibia,Wikipedia:Protection policy
Amphibia,Wikipedia:Redirect
Amphibia,Template:R to section
Amphibia,Template:R with possibilities
Amphibia,Category:Redirects from moves
Amphibia,Category:Redirects from scientific names of amphibians
Amphibia,Category:Redirects mentioned in hatnotes
Animal,Amphibia in the 10th edition of Systema Naturae
Amphibia in the 10th edition of Systema Naturae,10th edition of Systema Naturae
Amphibia in the 10th edition of Systema Naturae,12th edition of Systema Naturae
Amphibia in the 10th edition of Systema Naturae,Acipenser
Amphibia in the 10th edition of Systema Naturae,Acontias meleagris
Amphibia in the 10th edition of Systema Naturae,Agama agama
Amphibia in the 10th edition of Systema Naturae,Agama hispida
Amphibia in the 10th edition of Systema Naturae,Ahaetulla mycterizans
Amphibia in the 10th edition of Systema Naturae,Alopoglossus angulatus
Amphibia in the 10th edition of Systema Naturae,Ameiva ameiva
Amphibia in the 10th edition of Systema Naturae,Amphibian
Amphibia in the 10th edition of Systema Naturae,Amphiesma stolatum
Amphibia in the 10th edition of Systema Naturae,Amphisbaena (lizard)
Amphibia in the 10th edition of Systema Naturae,Amphisbaena alba
Amphibia in the 10th edition of Systema Naturae,Amphisbaena fuliginosa
Amphibia in the 10th edition of Systema Naturae,Anguis
Amphibia in the 10th edition of Systema Naturae,Anguis fragilis
Amphibia in the 10th edition of Systema Naturae,Angular roughshark
Amphibia in the 10th edition of Systema Naturae,Anilius scytale
Amphibia in the 10th edition of Systema Naturae,Animalia Paradoxa
Amphibia in the 10th edition of Systema Naturae,Anolis lineatus
Amphibia in the 10th edition of Systema Naturae,Aptera in the 10th edition of Systema Naturae
Amphibia in the 10th edition of Systema Naturae,Arthur Loveridge
Amphibia in the 10th edition of Systema Naturae,Aves in the 10th edition of Systema Naturae
Amphibia in the 10th edition of Systema Naturae,Banded Flying Snake
Amphibia in the 10th edition of Systema Naturae,Beluga (sturgeon)
Amphibia in the 10th edition of Systema Naturae,Bitis atropos
Amphibia in the 10th edition of Systema Naturae,Blue shark
Amphibia in the 10th edition of Systema Naturae,Boa (genus)
Amphibia in the 10th edition of Systema Naturae,Boa constrictor
Amphibia in the 10th edition of Systema Naturae,Bonnethead
Amphibia in the 10th edition of Systema Naturae,Bothrops atrox
Amphibia in the 10th edition of Systema Naturae,Brachyorrhus albus
Amphibia in the 10th edition of Systema Naturae,Brown ray
Amphibia in the 10th edition of Systema Naturae,Bulletin of Zoological Nomenclature
Amphibia in the 10th edition of Systema Naturae,Bulletin of the United States National Museum
Amphibia in the 10th edition of Systema Naturae,Bungarus candidus
Amphibia in the 10th edition of Systema Naturae,Caecilia
Amphibia in the 10th edition of Systema Naturae,Caecilia tentaculata
Amphibia in the 10th edition of Systema Naturae,Callorhinchus callorynchus
Amphibia in the 10th edition of Systema Naturae,Calotes calotes
Amphibia in the 10th edition of Systema Naturae,Cane toad
Amphibia in the 10th edition of Systema Naturae,Cape Rain Frog
Amphibia in the 10th edition of Systema Naturae,Cape grass lizard
Amphibia in the 10th edition of Systema Naturae,Carl Linnaeus
Amphibia in the 10th edition of Systema Naturae,Carl von Linné
Amphibia in the 10th edition of Systema Naturae,Carolina Anole
Amphibia in the 10th edition of Systema Naturae,Carolina anole
Amphibia in the 10th edition of Systema Naturae,Cerastes cerastes
Amphibia in the 10th edition of Systema Naturae,Cerastes vipera
Amphibia in the 10th edition of Systema Naturae,Chalcides chalcides
Animal,Ampullaviridae
Ampullaviridae,Acidianus
Ampullaviridae,Archaea
Ampullaviridae,Bottle
Ampullaviridae,Catalogue of Life
Ampullaviridae,Doi (identifier)
Ampullaviridae,Encyclopedia of Life
Ampullaviridae,Global Biodiversity Information Facility
Ampullaviridae,Hot spring
Ampullaviridae,Interim Register of Marine and Nonmarine Genera
Ampullaviridae,Kilobase
Ampullaviridae,Latin
Ampullaviridae,Nanometre
Ampullaviridae,PMC (identifier)
Ampullaviridae,PMID (identifier)
Ampullaviridae,Viral envelope
Ampullaviridae,Virion
Ampullaviridae,Virus
Ampullaviridae,Virus classification
Ampullaviridae,Wikidata
Ampullaviridae,Wikispecies
Ampullaviridae,World Register of Marine Species
Ampullaviridae,Template:Taxonomy/Bottigliavirus
Ampullaviridae,Help:Taxon identifiers
Animal,Anaeramoeba
Anaeramoeba,Abditibacteriota
Anaeramoeba,Acanthocephala
Anaeramoeba,Acetithermota
Anaeramoeba,Achemon (genus)
Anaeramoeba,Acidobacteriota
Anaeramoeba,Acinetactis
Anaeramoeba,Acritarch
Anaeramoeba,Actinomycetota
Anaeramoeba,Actinophryid
Anaeramoeba,Aduncisulcus
Anaeramoeba,Aenigmatarchaeota
Anaeramoeba,Aerophobota
Anaeramoeba,Alexandriella
Anaeramoeba,Algospongia
Anaeramoeba,Altarchaeota
Anaeramoeba,Alveolate
Anaeramoeba,Amoeboid
Anaeramoeba,Amoebozoa
Anaeramoeba,Amorphea
Anaeramoeba,Anaeramoebae
Anaeramoeba,Anaerobic respiration
Anaeramoeba,Anaeromonadea
Anaeramoeba,Ancyromonadida
Anaeramoeba,Ancyromonadidae
Anaeramoeba,Animal
Anaeramoeba,Annelid
Anaeramoeba,Apicomplexa
Anaeramoeba,Apospironympha
Anaeramoeba,Apusomonadidae
Anaeramoeba,Aquificota
Anaeramoeba,Archaea
Anaeramoeba,Archaeochaeta
Anaeramoeba,Archaeplastida
Anaeramoeba,Archamoebea
Anaeramoeba,Armatimonadota
Anaeramoeba,Arthropod
Anaeramoeba,Ascomycota
Anaeramoeba,Asgard archaea
Anaeramoeba,Astronympha
Anaeramoeba,Atribacterota
Anaeramoeba,Augarchaeota
Anaeramoeba,Auribacterota
Anaeramoeba,Babelota
Anaeramoeba,Bacillota
Anaeramoeba,Bacteria
Anaeramoeba,Bacteroidota
Anaeramoeba,Balneolales
Anaeramoeba,Barbulanympha
Anaeramoeba,Barbulanymphidae
Anaeramoeba,Barroella
Animal,Anaerobic respiration
Anaerobic respiration,ATP synthase
Anaerobic respiration,Acetaldehyde
Anaerobic respiration,Acetate
Anaerobic respiration,Acetobacterium woodii
Anaerobic respiration,Acetogenesis
Anaerobic respiration,Acetone–butanol–ethanol fermentation
Anaerobic respiration,Acetyl-CoA
Anaerobic respiration,Acyl-CoA
Anaerobic respiration,Adenosine diphosphate
Anaerobic respiration,Adenosine triphosphate
Anaerobic respiration,Aerobic organism
Anaerobic respiration,Aerobic organisms
Anaerobic respiration,Aerobic respiration
Anaerobic respiration,Alanine
Anaerobic respiration,Allotropes of oxygen
Anaerobic respiration,Alpha-Ketoglutaric acid
Anaerobic respiration,Amino acid
Anaerobic respiration,Amino acid metabolism
Anaerobic respiration,Amino acid synthesis
Anaerobic respiration,Amino sugar
Anaerobic respiration,Aminolevulinic acid
Anaerobic respiration,Anabolism
Anaerobic respiration,Anaerobes
Anaerobic respiration,Anaerobic digestion
Anaerobic respiration,Anoxygenic photosynthesis
Anaerobic respiration,Antioxidant
Anaerobic respiration,Arginine
Anaerobic respiration,Aromatic amino acid
Anaerobic respiration,Arsenate
Anaerobic respiration,Ascorbate
Anaerobic respiration,Aspartic acid
Anaerobic respiration,Azoarcus
Anaerobic respiration,Azospira suillum
Anaerobic respiration,Beta oxidation
Anaerobic respiration,Bibcode (identifier)
Anaerobic respiration,Bicarbonate
Anaerobic respiration,Bile acid
Anaerobic respiration,Bile pigment
Anaerobic respiration,BioRxiv (identifier)
Anaerobic respiration,Bioenergetics
Anaerobic respiration,Biogeochemical cycle
Anaerobic respiration,Bioinorganic chemistry
Anaerobic respiration,Bioremediation
Anaerobic respiration,Branched-chain amino acid
Anaerobic respiration,Calciferol
Anaerobic respiration,Carbohydrate catabolism
Anaerobic respiration,Carbohydrate metabolism
Anaerobic respiration,Carbon cycle
Anaerobic respiration,Carbon dioxide
Anaerobic respiration,Carbon fixation
Animal,Anaeromonadea
Anaeromonadea,Preaxostyla
Anaeromonadea,Wikipedia:Categorizing redirects
Anaeromonadea,Wikipedia:Protection policy
Anaeromonadea,Wikipedia:Redirect
Anaeromonadea,Category:Redirects from alternative scientific names of microorganisms
Anaeromonadea,Category:Redirects from moves
Animal,Ancient Egypt
Ancient Egypt,12th dynasty
Ancient Egypt,13th Dynasty
Ancient Egypt,25th Dynasty
Ancient Egypt,4.2 kiloyear event
Ancient Egypt,6th millennium BC
Ancient Egypt,Aamu
Ancient Egypt,Aaru
Ancient Egypt,Abbasid Caliphate
Ancient Egypt,Abora (expeditions)
Ancient Egypt,Abscess
Ancient Egypt,Abu Haggag Mosque
Ancient Egypt,"Abydos, Egypt"
Ancient Egypt,Abydos Dynasty
Ancient Egypt,Abydos boats
Ancient Egypt,Academic imperialism
Ancient Egypt,Achaemenid Empire
Ancient Egypt,Achaemenid navy
Ancient Egypt,Actium
Ancient Egypt,Aden
Ancient Egypt,Adulis
Ancient Egypt,Advisory Council on Underwater Archaeology
Ancient Egypt,Aegean Sea
Ancient Egypt,Aeneid
Ancient Egypt,Affricate consonant
Ancient Egypt,Afghanistan
Ancient Egypt,Africa
Ancient Egypt,African Slave Trade
Ancient Egypt,African empires
Ancient Egypt,African humid period
Ancient Egypt,Afro-Asiatic languages
Ancient Egypt,Afrotropical realm
Ancient Egypt,Afsharid Iran
Ancient Egypt,Afterlife
Ancient Egypt,Agricultural productivity
Ancient Egypt,Ahhotep II
Ancient Egypt,Ahmose I
Ancient Egypt,Akhenaten
Ancient Egypt,Akkadian Empire
Ancient Egypt,Al-Maqrizi
Ancient Egypt,Alabaster
Ancient Egypt,Alan Gardiner
Ancient Egypt,Alawi Sultanate
Ancient Egypt,Alexander the Great
Ancient Egypt,Alexandre Cabanel
Ancient Egypt,Alexandria
Ancient Egypt,Alexandria Port
Ancient Egypt,Alingano Maisu
Ancient Egypt,Alkedo
Ancient Egypt,Alluvium
Ancient Egypt,Almohad Caliphate
Animal,Ancyromonadida
Ancyromonadida,Abditibacteriota
Ancyromonadida,Acanthocephala
Ancyromonadida,Acetithermota
Ancyromonadida,Acidobacteriota
Ancyromonadida,Acinetactis
Ancyromonadida,Acritarch
Ancyromonadida,Actinomycetota
Ancyromonadida,Actinophryid
Ancyromonadida,Aenigmatarchaeota
Ancyromonadida,Aerophobota
Ancyromonadida,AlgaeBase
Ancyromonadida,Algospongia
Ancyromonadida,Altarchaeota
Ancyromonadida,Alveolate
Ancyromonadida,Amoebozoa
Ancyromonadida,Amorphea
Ancyromonadida,Anaeramoeba
Ancyromonadida,Anaeromonadea
Ancyromonadida,Ancyromonadidae
Ancyromonadida,Ancyromonas
Ancyromonadida,Animal
Ancyromonadida,Annelid
Ancyromonadida,Apicomplexa
Ancyromonadida,Apusomonadida
Ancyromonadida,Apusomonadidae
Ancyromonadida,Aquificota
Ancyromonadida,Archaea
Ancyromonadida,Archaeochaeta
Ancyromonadida,Archaeplastida
Ancyromonadida,Archamoebea
Ancyromonadida,Armatimonadota
Ancyromonadida,Arthropod
Ancyromonadida,Ascomycota
Ancyromonadida,Asgard archaea
Ancyromonadida,Atribacterota
Ancyromonadida,Augarchaeota
Ancyromonadida,Auribacterota
Ancyromonadida,Babelota
Ancyromonadida,Bacillota
Ancyromonadida,Bacteria
Ancyromonadida,Bacteroidota
Ancyromonadida,Balneolales
Ancyromonadida,Barthelona
Ancyromonadida,Basidiomycota
Ancyromonadida,Benthic
Ancyromonadida,Berkeleyaesol
Ancyromonadida,Bicellum
Ancyromonadida,Bicosoecea
Ancyromonadida,Bigyra
Ancyromonadida,Binatota
Animal,Ancyromonadidae
Animal,Animal (disambiguation)
Animal (disambiguation),9 Lives (Kat DeLuna album)
Animal (disambiguation),A.N.I.M.A.L.
Animal (disambiguation),ANIMAL (computer worm)
Animal (disambiguation),ANIMAL (image processing)
Animal (disambiguation),About Last Night... (album)
Animal (disambiguation),Animal
Animal (disambiguation),Animal (1977 film)
Animal (disambiguation),Animal (2001 film)
Animal (disambiguation),Animal (2005 film)
Animal (disambiguation),Animal (2014 film)
Animal (disambiguation),Animal (2018 film)
Animal (disambiguation),Animal (2023 Greek film)
Animal (disambiguation),Animal (2023 Indian film)
Animal (disambiguation),Animal (Animosity album)
Animal (disambiguation),Animal (Aurora song)
Animal (disambiguation),Animal (Bar-Kays album)
Animal (disambiguation),Animal (Big Scary album)
Animal (disambiguation),Animal (Conor Maynard song)
Animal (disambiguation),Animal (Def Leppard song)
Animal (disambiguation),Animal (F**k Like a Beast)
Animal (disambiguation),Animal (Jebediah song)
Animal (disambiguation),Animal (Juvenile song)
Animal (disambiguation),Animal (Kesha album)
Animal (disambiguation),Animal (Lump album)
Animal (disambiguation),Animal (María Becerra album)
Animal (disambiguation),Animal (María Becerra and Cazzu song)
Animal (disambiguation),Animal (Miike Snow song)
Animal (disambiguation),Animal (Motor Ace album)
Animal (disambiguation),Animal (Muppet)
Animal (disambiguation),Animal (Neon Trees song)
Animal (disambiguation),Animal (Pearl Jam song)
Animal (disambiguation),Animal (R.E.M. song)
Animal (disambiguation),Animal (R.I.O. song)
Animal (disambiguation),Animal (Shining album)
Animal (disambiguation),Animal (TV series)
Animal (disambiguation),Animal (Trey Songz song)
Animal (disambiguation),Animal (Troye Sivan song)
Animal (disambiguation),Animal (audio drama)
Animal (disambiguation),Animal (book)
Animal (disambiguation),Animal (journal)
Animal (disambiguation),Animal (Álvaro Soler song)
Animal (disambiguation),Animal Hamaguchi
Animal (disambiguation),Animal song
Animal (disambiguation),"Animals, Animals, Animals"
Animal (disambiguation),Animals (1998 film)
Animal (disambiguation),Animals (2003 film)
Animal (disambiguation),Animals (2012 film)
Animal (disambiguation),Animals (2014 film)
Animal (disambiguation),Animals (2017 film)
Animal (disambiguation),Animals (2019 film)
Animal,Animal Diversity Web
Animal Diversity Web,Animal
Animal Diversity Web,Biological classification
Animal Diversity Web,Conservation biology
Animal Diversity Web,Database
Animal Diversity Web,Doi (identifier)
Animal Diversity Web,ISSN (identifier)
Animal Diversity Web,K–12
Animal Diversity Web,Media clip
Animal Diversity Web,Museum
Animal Diversity Web,Natural history
Animal Diversity Web,Nonprofit organization
Animal Diversity Web,Range (biology)
Animal Diversity Web,Relational database
Animal Diversity Web,Species
Animal Diversity Web,Taxonomy (biology)
Animal Diversity Web,University of Michigan
Animal Diversity Web,Virtuality
Animal Diversity Web,Wikidata
Animal Diversity Web,XML template system
Animal,Animal coloration
Animal coloration,Abbott Handerson Thayer
Animal coloration,Abiotic component
Animal coloration,Abiotic stress
Animal coloration,Abundance (ecology)
Animal coloration,Accipiter badius
Animal coloration,Achromatopsia
Animal coloration,Adaptive Coloration in Animals
Animal coloration,Additive color
Animal coloration,Advertising in biology
Animal coloration,Afterimage
Animal coloration,Agelas clathrodes
Animal coloration,Aggressive mimicry
Animal coloration,Albinism
Animal coloration,Albinism in biology
Animal coloration,Albino
Animal coloration,Allee effect
Animal coloration,Allometry
Animal coloration,Alternative stable state
Animal coloration,American goldfinch
Animal coloration,Amphibian
Animal coloration,Analogous colors
Animal coloration,Anglerfish
Animal coloration,Animal Coloration (1892 book)
Animal coloration,Animal Coloration (book)
Animal coloration,Animals that can change color
Animal coloration,Anti-predator adaptation
Animal coloration,Antibiosis
Animal coloration,Apex predator
Animal coloration,Aposematism
Animal coloration,Archaea
Animal coloration,Arctic fox
Animal coloration,Argus pheasant
Animal coloration,Aristotle
Animal coloration,Arthropod eye
Animal coloration,Ascendency
Animal coloration,Assembly rules
Animal coloration,Autotroph
Animal coloration,Bacteriophage
Animal coloration,Bacterivore
Animal coloration,Balance of nature
Animal coloration,Bateman's principle
Animal coloration,Batesian mimicry
Animal coloration,Bees
Animal coloration,Beetles
Animal coloration,Behavioral ecology
Animal coloration,Bibcode (identifier)
Animal coloration,Bioaccumulation
Animal coloration,Biodiversity
Animal coloration,Biogeochemical cycle
Animal coloration,Biogeography
Animal,Animal husbandry
Animal husbandry,A.A. Milne
Animal husbandry,A Cow at My Table
Animal husbandry,A Few Notes on Cruelty to Animals
Animal husbandry,A Plea for Vegetarianism and Other Essays
Animal husbandry,A Reasonable Plea for the Animal Creation
Animal husbandry,"A System of Moral Philosophy, in Three Books"
Animal husbandry,Abandoned pets
Animal husbandry,Abolitionism (animal rights)
Animal husbandry,Adam Gottlieb Weigen
Animal husbandry,Agribusiness
Animal husbandry,Agricultural History Review
Animal husbandry,Agricultural biotechnology
Animal husbandry,Agricultural cooperative
Animal husbandry,Agricultural engineering
Animal husbandry,Agricultural expansion
Animal husbandry,Agricultural history of Peru
Animal husbandry,Agricultural pollution
Animal husbandry,Agricultural science
Animal husbandry,Agricultural supply store
Animal husbandry,Agricultural technology
Animal husbandry,Agricultural wastewater
Animal husbandry,Agriculture
Animal husbandry,Agriculture in Mesoamerica
Animal husbandry,Agriculture in ancient Greece
Animal husbandry,Agriculture in ancient Rome
Animal husbandry,Agriculture in the Middle Ages
Animal husbandry,Agriculturist
Animal husbandry,Agrivoltaics
Animal husbandry,Agroforestry
Animal husbandry,Agronomy
Animal husbandry,Ahimsa
Animal husbandry,Alasdair Cochrane
Animal husbandry,Alex Hershaft
Animal husbandry,Alex Pacheco (activist)
Animal husbandry,Alfred Mansfield Mitchell
Animal husbandry,Alice Crary
Animal husbandry,Alligator hunting
Animal husbandry,Alpaca
Animal husbandry,Alternatives to animal testing
Animal husbandry,American Anti-Vivisection Society
Animal husbandry,American Humane Education Society
Animal husbandry,American Humane Society
Animal husbandry,American Society for the Prevention of Cruelty to Animals
Animal husbandry,An American Trilogy (book)
Animal husbandry,An Apology to Elephants
Animal husbandry,"An Essay on Abstinence from Animal Food, as a Moral Duty"
Animal husbandry,An Essay on Humanity to Animals
Animal husbandry,An Introduction to Animals and Political Theory
Animal husbandry,Anarchism and animal rights
Animal husbandry,Ancient Egypt
Animal,Animal locomotion
Animal locomotion,Actinopterygii
Animal locomotion,Adhesion
Animal locomotion,Aerial locomotion in marine animals
Animal locomotion,Aerodynamic
Animal locomotion,Aerofoil
Animal locomotion,Aeroplankton
Animal locomotion,Air
Animal locomotion,Albatross
Animal locomotion,Ambush predator
Animal locomotion,Amphibious fish
Animal locomotion,Amphiphilic
Animal locomotion,Analogy (biology)
Animal locomotion,Anatomy
Animal locomotion,Angle of attack
Animal locomotion,Anglerfish
Animal locomotion,Animal
Animal locomotion,Animal Locomotion
Animal locomotion,Animal locomotion on the water surface
Animal locomotion,Animal migration
Animal locomotion,Animal navigation
Animal locomotion,Apis mellifera scutellata
Animal locomotion,Aquatic locomotion
Animal locomotion,ArXiv (identifier)
Animal locomotion,Arachnid
Animal locomotion,Arboreal
Animal locomotion,Arboreal locomotion
Animal locomotion,Arctic tern
Animal locomotion,Arizona-Sonora Desert Museum
Animal locomotion,Arm
Animal locomotion,Arthropod
Animal locomotion,Arthropod leg
Animal locomotion,Astropecten
Animal locomotion,Ballooning (spider)
Animal locomotion,Banded flying snake
Animal locomotion,Barbary sheep
Animal locomotion,Barnacles
Animal locomotion,Basiliscus (genus)
Animal locomotion,Basilisk lizard
Animal locomotion,Bat
Animal locomotion,Bat wing development
Animal locomotion,Beetle
Animal locomotion,Beetle larva
Animal locomotion,Benthic
Animal locomotion,Bibcode (identifier)
Animal locomotion,Bioenergetics
Animal locomotion,Bipedal
Animal locomotion,Bipedalism
Animal locomotion,Bird
Animal locomotion,Bird anatomy
Animal locomotion,Bird feet and legs
Animal,Animal product
Animal product,Advanced meat recovery
Animal product,Agricultural wastewater treatment
Animal product,Alternative uses for placenta
Animal product,Ambergris
Animal product,Anaerobic digestion
Animal product,Animal
Animal product,Animal By-Products Regulations
Animal product,Animal Husbandry
Animal product,Animal fat
Animal product,Animal fiber
Animal product,Animal rights
Animal product,Animal source foods
Animal product,Animal welfare
Animal product,Anti-aging cream
Animal product,Antivenin
Animal product,Antlers
Animal product,Appliance recycling
Animal product,Arachnids as food
Animal product,Arthropods
Animal product,Artificial insemination
Animal product,BBC
Animal product,Balefill
Animal product,Bamako Convention
Animal product,Basel Convention
Animal product,Battery Directive
Animal product,Battery recycling
Animal product,Bear bile
Animal product,Beaver
Animal product,Bee pollen
Animal product,Beeswax
Animal product,Bezoar stone
Animal product,Bibcode (identifier)
Animal product,BioScience
Animal product,Biodegradable waste
Animal product,Biodegradation
Animal product,Biomedical waste
Animal product,Biosolids
Animal product,Biscuit
Animal product,Black Ivory Coffee
Animal product,Blood
Animal product,Blood as food
Animal product,Blood sausage
Animal product,Blood substitutes
Animal product,Blood transfusion
Animal product,Blue Ribbon Commission on America's Nuclear Future
Animal product,Boiling down
Animal product,Bone
Animal product,Bone char
Animal product,Bone meal
Animal product,Bottle recycling
Animal,Animal rights
Animal rights,2012 Cambridge Declaration of Consciousness
Animal rights,A Cow at My Table
Animal rights,A Fleshless Diet
Animal rights,A Plea for Vegetarianism and Other Essays
Animal rights,A Reasonable Plea for the Animal Creation
Animal rights,A Sacred Duty
Animal rights,"A System of Moral Philosophy, in Three Books"
Animal rights,A Theory of Justice
Animal rights,A Vindication of Natural Diet
Animal rights,A Vindication of the Rights of Woman
Animal rights,Abandoned pets
Animal rights,Abolitionism (animal rights)
Animal rights,Abortion-rights
Animal rights,Acetaria: A Discourse of Sallets
Animal rights,Adam Gottlieb Weigen
Animal rights,Adolf Hitler
Animal rights,Adolf Hitler and vegetarianism
Animal rights,Agnostic
Animal rights,Ahimsa
Animal rights,Alasdair Cochrane
Animal rights,Alcott House
Animal rights,Alex Hershaft
Animal rights,Alex Pacheco (activist)
Animal rights,Alfred Mansfield Mitchell
Animal rights,Alice Crary
Animal rights,Alligator hunting
Animal rights,Alternatives to animal testing
Animal rights,American Anti-Vivisection Society
Animal rights,American Vegan Society
Animal rights,An American Trilogy (book)
Animal rights,An Apology to Elephants
Animal rights,"An Essay on Abstinence from Animal Food, as a Moral Duty"
Animal rights,An Essay on Humanity to Animals
Animal rights,An Introduction to Animals and Political Theory
Animal rights,An Introduction to the Principles of Morals and Legislation
Animal rights,Anarchism and animal rights
Animal rights,Andrew Linzey
Animal rights,Andrew Tyler
Animal rights,André Géraud
Animal rights,AnimaNaturalis
Animal rights,Animal-borne bomb attacks
Animal rights,Animal-free agriculture
Animal rights,Animal-rights movement
Animal rights,Animal (De)liberation
Animal rights,Animal Aid
Animal rights,Animal Enterprise Terrorism Act
Animal rights,Animal Ethics (organization)
Animal rights,Animal Ethics in the Wild
Animal rights,Animal Justice (organization)
Animal rights,Animal Justice Party
Animal,Animal style
Animal style,Anglo-Saxon art
Animal style,Animal Style (song)
Animal style,Animal art
Animal style,Arzhan culture
Animal style,Barbarian art
Animal style,Bear
Animal style,Bernhard Salin
Animal style,British Museum
Animal style,Budapest
Animal style,Celtic art
Animal style,Chip carving
Animal style,Cimmerian
Animal style,Confronted-animals
Animal style,Crimea
Animal style,Doi (identifier)
Animal style,Emma Bunker
Animal style,Eurasian steppe
Animal style,Fibula (brooch)
Animal style,Germanic peoples
Animal style,Gocha R. Tsetskhladze
Animal style,Greek colonisation
Animal style,Hebei Province
Animal style,Hungary
Animal style,ISBN (identifier)
Animal style,In-N-Out Burger products
Animal style,Inner Mongolia
Animal style,Insular art
Animal style,Interlace (art)
Animal style,Iron Age
Animal style,Kama River
Animal style,Kostromskaya (rural locality)
Animal style,Kuban
Animal style,Kul Oba
Animal style,Max Loehr
Animal style,Michael Rostovtzeff
Animal style,Migration Period
Animal style,Migration Period art
Animal style,National Museum of Hungary
Animal style,Near East
Animal style,Northern Europe
Animal style,Openwork
Animal style,Ordos culture
Animal style,Perm Krai
Animal style,Permian bronze casts
Animal style,Persian-Sassanid art patterns
Animal style,Plaque (disambiguation)
Animal style,Reindeer
Animal style,Sarmatia
Animal style,Sarmatian
Animal style,Scythian
Animal,Animalia (disambiguation)
Animalia (disambiguation),Animal (disambiguation)
Animalia (disambiguation),Animalia
Animalia (disambiguation),Animalia (TV series)
Animalia (disambiguation),Animalia (book)
Animalia (disambiguation),Animalia (film)
Animalia (disambiguation),Animality (disambiguation)
Animalia (disambiguation),Help:Disambiguation
Animal,Animals in sport
Animals in sport,1900 Summer Olympics
Animals in sport,A Cow at My Table
Animals in sport,A Few Notes on Cruelty to Animals
Animals in sport,A Plea for Vegetarianism and Other Essays
Animals in sport,A Reasonable Plea for the Animal Creation
Animals in sport,"A System of Moral Philosophy, in Three Books"
Animals in sport,Abandoned pets
Animals in sport,Abolitionism (animal rights)
Animals in sport,Adam Gottlieb Weigen
Animals in sport,Adventure racing
Animals in sport,Agriculture
Animals in sport,Ahimsa
Animals in sport,Air racing
Animals in sport,Alasdair Cochrane
Animals in sport,Alex Hershaft
Animals in sport,Alex Pacheco (activist)
Animals in sport,Alfred Mansfield Mitchell
Animals in sport,Alice Crary
Animals in sport,Alligator hunting
Animals in sport,Alpine skiing
Animals in sport,Alternatives to animal testing
Animals in sport,Amateur radio direction finding
Animals in sport,Amateur sports
Animals in sport,American Anti-Vivisection Society
Animals in sport,American Humane Education Society
Animals in sport,American Humane Society
Animals in sport,American Society for the Prevention of Cruelty to Animals
Animals in sport,American football
Animals in sport,An American Trilogy (book)
Animals in sport,An Apology to Elephants
Animals in sport,"An Essay on Abstinence from Animal Food, as a Moral Duty"
Animals in sport,An Essay on Humanity to Animals
Animals in sport,An Introduction to Animals and Political Theory
Animals in sport,Anarchism and animal rights
Animals in sport,Ancient Rome
Animals in sport,Andrew Linzey
Animals in sport,Andrew Tyler
Animals in sport,André Géraud
Animals in sport,AnimaNaturalis
Animals in sport,Animal-assisted therapy
Animals in sport,Animal-borne bomb attacks
Animals in sport,Animal-free agriculture
Animals in sport,Animal (De)liberation
Animals in sport,Animal Aid
Animals in sport,Animal Aid Unlimited
Animals in sport,Animal Defence and Anti-Vivisection Society
Animals in sport,Animal Defenders International
Animals in sport,Animal Ethics (organization)
Animals in sport,Animal Ethics in the Wild
Animals in sport,Animal Justice (organization)
Animal,Annelid
Annelid,Abditibacteriota
Annelid,Acanthocephala
Annelid,Acetithermota
Annelid,Aciculata
Annelid,Acidobacteriota
Annelid,Acoela
Annelid,Acoelomorpha
Annelid,Acorn worm
Annelid,Actinomycetota
Annelid,Aenigmatarchaeota
Annelid,Aeolosomatidae
Annelid,Aerobic organism
Annelid,Aerophobota
Annelid,Altarchaeota
Annelid,Ambulacraria
Annelid,American robin
Annelid,Ammonia
Annelid,Amoebozoa
Annelid,Amorphea
Annelid,Amphinomida
Annelid,Amynthas agrestis
Annelid,Amynthas mekongianus
Annelid,Anaeramoeba
Annelid,Angling
Annelid,Animal
Annelid,Animal Diversity Web
Annelid,Animal locomotion
Annelid,Annelida
Annelid,Anthozoa
Annelid,Anti-inflammatory
Annelid,Anticoagulant
Annelid,Anus
Annelid,Apical tuft
Annelid,Apicomplexa
Annelid,Apistobranchidae
Annelid,Apistobranchus
Annelid,Aquaculture
Annelid,Aquificota
Annelid,Archaea
Annelid,Archiannelida
Annelid,Armatimonadota
Annelid,Arthropod
Annelid,Arthropoda
Annelid,Articulata hypothesis
Annelid,Ascomycota
Annelid,Asgard archaea
Annelid,Asterozoa
Annelid,Atribacterota
Annelid,Augarchaeota
Annelid,Aulophorus
